"0","library(tm)"
"2","Loading required package: NLP
"
"0","library(NLP)"
"0","library(stringr)"
"0","library(topicmodels)"
"0","library(tidytext)"
"0","library(tidyverse)"
"2","Registered S3 methods overwritten by 'dbplyr':
  method         from
  print.tbl_lazy     
  print.tbl_sql      
"
"2","[30mâ”€â”€ [1mAttaching packages[22m â”€â”€â”€â”€â”€â”€â”€â”€â”€â”€â”€â”€â”€â”€â”€â”€â”€â”€â”€â”€â”€â”€â”€â”€â”€â”€â”€â”€â”€â”€â”€â”€â”€â”€â”€â”€â”€â”€â”€â”€â”€â”€â”€â”€â”€â”€â”€â”€â”€â”€â”€â”€â”€â”€â”€â”€â”€â”€â”€â”€â”€â”€â”€â”€â”€â”€â”€â”€â”€â”€â”€ tidyverse 1.3.1 â”€â”€[39m
"
"2","[30m[32mâœ”[30m [34mggplot2[30m 3.3.6     [32mâœ”[30m [34mpurrr  [30m 0.3.4
[32mâœ”[30m [34mtibble [30m 3.1.7     [32mâœ”[30m [34mdplyr  [30m 1.0.9
[32mâœ”[30m [34mtidyr  [30m 1.2.0     [32mâœ”[30m [34mforcats[30m 0.5.1
[32mâœ”[30m [34mreadr  [30m 2.1.2     [39m
"
"2","[30mâ”€â”€ [1mConflicts[22m â”€â”€â”€â”€â”€â”€â”€â”€â”€â”€â”€â”€â”€â”€â”€â”€â”€â”€â”€â”€â”€â”€â”€â”€â”€â”€â”€â”€â”€â”€â”€â”€â”€â”€â”€â”€â”€â”€â”€â”€â”€â”€â”€â”€â”€â”€â”€â”€â”€â”€â”€â”€â”€â”€â”€â”€â”€â”€â”€â”€â”€â”€â”€â”€â”€â”€â”€â”€â”€â”€â”€â”€â”€â”€ tidyverse_conflicts() â”€â”€
[31mâœ–[30m [34mggplot2[30m::[32mannotate()[30m masks [34mNLP[30m::annotate()
[31mâœ–[30m [34mdplyr[30m::[32mfilter()[30m     masks [34mstats[30m::filter()
[31mâœ–[30m [34mdplyr[30m::[32mlag()[30m        masks [34mstats[30m::lag()[39m
"
"0","library(ggplot2)"
"0","library(dplyr)"
"0","library(SnowballC)"
"0","library(textstem)"
"2","Loading required package: koRpus.lang.en
"
"2","Loading required package: koRpus
"
"2","Loading required package: sylly
"
"2","Registered S3 method overwritten by 'data.table':
  method           from
  print.data.table     
"
"2","For information on available language packages for 'koRpus', run

  available.koRpus.lang()

and see ?install.koRpus.lang()

"
"2","
Attaching package: â€˜koRpusâ€™

"
"2","The following object is masked from â€˜package:readrâ€™:

    tokenize

"
"2","The following object is masked from â€˜package:tmâ€™:

    readTagged

"
